tau,P_excited_N_1,P_excited_N_2,P_excited_N_3,P_excited_N_4,P_excited_N_5,P_excited_N_6
0.0,1.0,2.0,3.0,4.0,5.0,6.0
0.004008016032064128,0.9762387572754636,1.9520916795858783,2.927551432685151,3.9026105206504127,4.877261325590105,5.851496087829154
0.008016032064128256,0.9530421153036599,1.9046015307852922,2.854624616801309,3.8030559374575854,4.749838253991569,5.694912471355677
0.012024048096192383,0.9303966488520835,1.8575882982002414,2.7814098850468887,3.7016890410819436,4.618245874818817,5.530892803221432
0.01603206412825651,0.9082892659336582,1.8111045900593423,2.7080896800656253,3.598869676869109,4.4830506723483445,5.360219382227143
0.02004008016032064,0.8867071809589219,1.7651973053655783,2.634837499079873,3.4949588682953374,4.344856181074396,5.183787889490209
0.024048096192384766,0.8656379113620983,1.7199080569926575,2.561817132583538,3.3903136378463423,4.204289032616928,5.002579771558927
0.028056112224448895,0.8450692668524036,1.6752735404120396,2.4891821325971906,3.285282547765654,4.061985831472023,4.817633935277084
0.03206412825651302,0.8249893584043319,1.6313259029616127,2.41707547929772,3.18020194877923,3.918581197969755,4.630019193723013
0.03607214428857715,0.8053865733717684,1.5880930639681832,2.345629424938925,3.0753929060420147,3.7746971964826983,4.440808464486305
0.04008016032064128,0.7862495645602687,1.5455990415509062,2.2749654701233477,2.9711587660706966,3.630934258034609,4.251055651103439
0.044088176352705406,0.767567280680742,1.5038642506731161,2.205194463011216,2.8677832839914643,3.4878636357395902,4.0617756117923
0.04809619238476953,0.7493289207972857,1.4629057631473965,2.1364168026352885,2.7655293267700145,3.3460213673344352,3.8739275326889198
0.052104208416833664,0.7315239153735374,1.4227375822092156,2.0687226855366823,2.6646379683940626,3.2059036741194333,3.6884017799171374
0.05611222444889779,0.7141419819570805,1.3833708846184876,2.002192459077564,2.5653280741398414,3.0679636791224696,3.506010092849406
0.06012024048096192,0.6971730799004733,1.344814234409988,1.9368970205579257,2.4677961592962854,2.9326093795421047,3.32747893327726
0.06412825651302605,0.6806073808401971,1.3070737934981336,1.8728982164826684,2.372216670340741,2.800202576439527,3.153445760146927
0.06813627254509018,0.6644353043499399,1.2701535413654848,1.8102492481548298,2.278742404160689,2.671058851208536,2.9844576243699006
0.0721442885771543,0.6486474974846025,1.2340554706051905,1.7489952177567336,2.187505107612981,2.54544825008751,2.8209721319757803
0.07615230460921843,0.6332348286756935,1.1987797392780208,1.689173553141353,2.098616403867049,2.423596635580246,2.6633601134782983
0.08016032064128256,0.6181883845784911,1.1643247816044648,1.6308144790183254,2.01216874466249,2.3056875584774144,2.5119095355578485
0.08416833667334668,0.6034994665609977,1.1306874770117348,1.5739415004426807,1.928236429681887,2.1918645289744094,2.366830721248655
0.08817635270541081,0.5891595792899476,1.0978633821947859,1.5185718754545179,1.8468767427215487,2.0822335852465104,2.228262161633158
0.09218436873747494,0.5751604275089608,1.0658468445283966,1.4647170697973464,1.7681311308450292,1.9768660658907118,2.096276944722832
0.09619238476953906,0.5614939104678804,1.0346310664897072,1.4123832257410383,1.6920263902974526,1.8758015195353437,1.9708893830838394
0.1002004008016032,0.5481521233911107,1.0042081549913433,1.361571569025529,1.61857586630993,1.7790506149732412,1.8520617431868363
0.10420841683366733,0.5351273584755173,0.9745692873689581,1.31227882795009,1.5477806252378128,1.6865981233030203,1.739710892984938
0.10821643286573146,0.5224120830434348,0.9457049150828567,1.2644976793348264,1.4796305983830138,1.5984058114423823,1.633714726053683
0.11222444889779558,0.5099989414468264,0.9176047976208335,1.2182171027840207,1.4141057350549333,1.5144152185291961,1.5339182581535362
0.11623246492985971,0.4978807502054231,0.8902580146574406,1.1734227080193314,1.351177110643375,1.4345503510970152,1.4401393933997417
0.12024048096192384,0.4860504994407124,0.8636530116424987,1.1300971364288226,1.2908078757278858,1.3587202159926044,1.352174248034576
0.12424849699398796,0.47450135498368196,0.8377777346152089,1.0882203479796746,1.2329542345685873,1.2868212004981228,1.2698019272583858
0.1282565130260521,0.46322663676141834,0.8126198248075095,1.0477699856133509,1.1775664446239595,1.2187392870603484,1.1927889781521985
0.13226452905811623,0.45221982112839626,0.7881665930363634,1.0087215748093905,1.1245896310538095,1.1543520967837377,1.1208933207240273
0.13627254509018036,0.44147453655944197,0.7644049797399264,0.9710489006540677,1.0739645892194767,1.0935306890109144,1.053867580489177
0.1402805611222445,0.43098456625068815,0.7413216153364429,0.9347241382105675,1.0256285351979324,1.0361413552811127,0.9914622106515004
0.1442885771543086,0.4207438530708714,0.7189029337716779,0.8997181982607849,0.9795157941435253,0.9820470446173212,0.9334280874484835
0.14829659318637273,0.4107464748397783,0.6971353014652201,0.8660008510186468,0.9355584393959958,0.9311087431279613,0.8795185854547112
0.15230460921843686,0.4009866484457324,0.6760049713386156,0.8335410061580211,0.8936868349091319,0.8831866586779676,0.8294915489488103
0.156312625250501,0.39145872625333955,0.655498078676942,0.8023068298698998,0.8538301543217679,0.838141264022333,0.7831107890329212
0.16032064128256512,0.38215719637268836,0.6356007068586328,0.7722659624601722,0.8159168841737963,0.7958342009006154,0.7401471958058512
0.16432865731462926,0.3730766853521302,0.6162989494126166,0.743385643999548,0.7798752192332801,0.7561290813195809,0.7003798095803573
0.16833667334669336,0.3642119411015535,0.5975789537373246,0.7156328658625745,0.7456334359460498,0.7188920811173204,0.6635964965899531
0.1723446893787575,0.355557834368562,0.5794269133006966,0.688974507137303,0.7131202401267333,0.6839925444365506,0.6295944703783445
0.17635270541082163,0.3471093554489723,0.5618290333895783,0.6633774270352205,0.6822650424927948,0.6513034122031172,0.5981805502561818
0.18036072144288576,0.33886161574754525,0.5447715773218543,0.6388086086631063,0.6529981987808174,0.620701584959903,0.5691714919639123
0.1843687374749499,0.3308098536627883,0.5282409744427017,0.615235202100141,0.6252512670022685,0.5920682019803069,0.5423939222194707
0.18837675350701402,0.3229494134805927,0.5122238470342697,0.5926246682457701,0.5989571856219273,0.565288834494111,0.5176842822589645
0.19238476953907813,0.315275748777855,0.4967069656314854,0.5709447912348294,0.5740503879454527,0.5402537051824096,0.49488879234903205
0.19639278557114226,0.3077844198034809,0.48167716347407874,0.550163807279529,0.5504669776735667,0.51685766301737,0.4738631190420038
0.2004008016032064,0.3004710928400174,0.46712142964396325,0.5302504040051508,0.5281448392007382,0.4950003098499441,0.45447212503878076
0.20440881763527052,0.293331542346231,0.4530269933142471,0.5111738250403185,0.5070236541342444,0.4745859768908536,0.4365895766259583
0.20841683366733466,0.28636163870948167,0.43938129623769645,0.4929038672782854,0.4870450371711487,0.45552369427583156,0.42009779713251333
0.2124248496993988,0.2795573486610493,0.4261719697306875,0.475410957336207,0.4681526679115828,0.4377271263945899,0.40488721840833236
0.21643286573146292,0.2729147327312975,0.41338682573015595,0.45866614931536664,0.4502921280299633,0.4211144740796986,0.39085604972267274
0.22044088176352702,0.2664299463604582,0.40101389580192204,0.44264117438293626,0.4334109480926467,0.4056083949436772,0.3779098807506918
0.22444889779559116,0.260099246756054,0.38904145692958103,0.4273084593810863,0.4174587767953763,0.39113584422189995,0.3659611977239494
0.2284569138276553,0.2539189739401175,0.3774580194025939,0.41264115306189036,0.40238725274826004,0.3776279470348483,0.3549290666590065
0.23246492985971942,0.2478855538268239,0.3662522999407425,0.3986131208802579,0.38814999252582955,0.36501985583397245,0.3447386795249663
0.23647294589178355,0.24199549643444063,0.3554132136758225,0.38519894401048005,0.37470257813404456,0.35325058961641503,0.33532099860159104
0.24048096192384769,0.2362453946445569,0.34492990361763076,0.372373945490481,0.3620025255563531,0.34226287489292256,0.32661236662082815
0.2444889779559118,0.23063192505782937,0.33479180923542234,0.3601141789660057,0.3500092697202724,0.3320029865305586,0.3185541239211592
0.24849699398797592,0.22515184043314182,0.3249886238141063,0.3483964466524437,0.33868408546318224,0.3224205541118702,0.3110923274197419
0.25250501002004005,0.2198019690986737,0.3155102309244838,0.337198298333963,0.3279900567628532,0.3134684377230298,0.3041773110679258
0.2565130260521042,0.21457921292085655,0.30634671943446096,0.32649802568266567,0.3178920719415501,0.30510254189837294,0.2977634745627147
0.2605210420841683,0.209480548161211,0.29748841869140086,0.3162746070051827,0.3083567725694974,0.29728165613829555,0.29180894640229554
0.26452905811623245,0.20450303319415045,0.2889259315978397,0.30650773994241415,0.2993523408550168,0.28996729894348394,0.28627526254720137
0.2685370741482966,0.1996437911051715,0.2806500907865364,0.2971778626025501,0.2908484075967223,0.28312356608617373,0.28112719499298006
0.2725450901803607,0.1949000124846674,0.27265193779481095,0.28826612681389646,0.2828164468329027,0.27671698175353554,0.2763324142206265
0.27655310621242485,0.19026895435379843,0.2649227398539491,0.27975432718459653,0.27522926738884645,0.27071635533624,0.27186131902831645
0.280561122244489,0.1857479385329893,0.2574539986995537,0.27162491125371796,0.26806115169982203,0.265092643778121,0.267686779382734
0.28456913827655306,0.18133435058119368,0.2502374511797114,0.2638610059113972,0.2612877271529893,0.25981882059893047,0.26378396038490143
0.2885771543086172,0.17702563680168978,0.2432650535822247,0.2564463972527956,0.2548859320179561,0.2548697500594656,0.26013015060271605
0.2925851703406813,0.17281930275617033,0.23652895374671046,0.2493654798240428,0.24883395662139327,0.25022206546333486,0.2567045334514516
0.29659318637274545,0.16871291151538872,0.23002150044709044,0.24260323823391738,0.2431111848853202,0.24585405569571694,0.2534880844511535
0.3006012024048096,0.16470408433452685,0.22373527779367894,0.2361452680041382,0.23769813854233676,0.2417455568811918,0.25046342709954195
0.3046092184368737,0.16079050912279555,0.217663100434247,0.22997777506793254,0.2325764343532203,0.23787784981139715,0.24761462988896618
0.30861723446893785,0.15696992422179554,0.2117979845377063,0.22408751790916753,0.22772872242705688,0.23423356146057137,0.2449271599634099
0.312625250501002,0.1532401208607914,0.20613310784860378,0.2184617489414405,0.22313863141530163,0.23079656707223878,0.2423876945654049
0.3166332665330661,0.14959894269872936,0.20066183878122817,0.21308824868956178,0.21879073622265777,0.227551931738804,0.23998409862496428
0.32064128256513025,0.14604428440300107,0.19537776199641033,0.2079553502878164,0.2146705045889481,0.22448579346584574,0.2377052529190514
0.3246492985971944,0.14257409022820727,0.1902746562923792,0.20305188188048212,0.21076423958928792,0.22158530385157585,0.2355409793245531
0.3286573146292585,0.13918635259492154,0.18534647861412124,0.19836712686324565,0.20705904680669526,0.21883855853154544,0.23348202795451473
0.33266533066132264,0.13587911066845418,0.1805873559229985,0.19389082849127015,0.20354279234592476,0.21623452858352235,0.23151987108076644
0.3366733466933867,0.13265045082820365,0.17599159338097786,0.1896131809273493,0.20020405946189918,0.213762997518703,0.22964675832089188
0.34068136272545085,0.12949851402194362,0.17155367837267343,0.18552480628199308,0.19703210716864153,0.2114145023478284,0.22785559522325755
0.344689378757515,0.12642147955642194,0.1672682695570899,0.18161673939282075,0.19401683052635102,0.20918027957093083,0.22613987421622125
0.3486973947895791,0.12341756800868119,0.16313017990120574,0.177880412569895,0.19114874300395285,0.20705221436936272,0.22449367660737107
0.35270541082164325,0.12048504118595679,0.15913437046967524,0.17430763966144114,0.18841893751852953,0.20502279315711225,0.22291155636471538
0.3567134268537074,0.11762220082600203,0.15527595833892582,0.17089060314140503,0.18581902720142202,0.20308505777308464,0.22138855221477444
0.3607214428857715,0.1148273872974131,0.15155023666414616,0.16762184216514567,0.1833411365304497,0.20123256619718646,0.2199201376303635
0.36472945891783565,0.11209897829995424,0.1479526537022471,0.16449423261923496,0.1809778774901737,0.1994593543569147,0.2185021052355398
0.3687374749498998,0.10943538756488293,0.1444787829044788,0.16150097473015174,0.17872231282474868,0.19775990028054904,0.21713067862555252
0.3727454909819639,0.10683506783078768,0.14112432848350204,0.1586355875252546,0.17656793191374998,0.19612909112482832,0.215802353542287
0.37675350701402804,0.10429653530324808,0.1378851359099604,0.1558918877976163,0.1745086260033104,0.19456219287378435,0.2145139379576265
0.3807615230460922,0.10181832628532092,0.13475719806395753,0.15326397573186046,0.1725386622648885,0.19305482389554376,0.21326250402410166
0.38476953907815625,0.09939900651987604,0.13173663708501948,0.15074622982257746,0.17065265865129522,0.19160291715981537,0.2120453560448813
0.3887775551102204,0.09703717466370923,0.12881969252534978,0.14833329986281313,0.16884556169362072,0.190202737179689,0.21086004932405664
0.3927855711422845,0.09473146121247687,0.1260027264310585,0.1460200810071249,0.16711264316486202,0.18885078870592242,0.2097042929304608
0.39679358717434865,0.0924805274256304,0.1232822240227057,0.14380170758382155,0.1654494657607401,0.18754384951032255,0.20857604858049386
0.4008016032064128,0.09028307398029208,0.12065479080596522,0.14167355526087028,0.16385186826869286,0.18627893233118295,0.20747340416272514
0.4048096192384769,0.08813783794908933,0.11811714425684683,0.1396312172557595,0.16231595341676275,0.18505326834229027,0.20639459531341628
0.40881763527054105,0.08604357850179323,0.1156661011557788,0.13767049314702345,0.1608380616384118,0.18386429193226844,0.20533805530109292
0.4128256513026052,0.08399908354978183,0.11329858006408511,0.13578738801783352,0.15941476406178062,0.1827096249319973,0.20430227904929354
0.4168336673346693,0.08200316884331152,0.11101161410758806,0.1339781069237051,0.15804284666564544,0.181587062293059,0.20328592564022024
0.42084168336673344,0.08005467706380122,0.10880234575228628,0.1322390318346684,0.15671928795127693,0.18049455898153463,0.20228775013768782
0.4248496993987976,0.07815247837305558,0.10666801025477482,0.13056671838402983,0.15544126855878998,0.17943021855765412,0.20130658746691643
0.4288577154308617,0.07629547883112026,0.10460591653402712,0.1289578999417654,0.15420614708281713,0.17839228318109224,0.20034142215690814
0.43286573146292584,0.0744826060319351,0.10261346028114937,0.12740946625481378,0.15301144282017665,0.17737912097241512,0.19939124411267653
0.4368737474949899,0.07271281120892747,0.10068815110728743,0.1259184554931275,0.1518548248865754,0.17638921742977112,0.19845517156108697
0.44088176352705405,0.0709850699338017,0.09882759653105608,0.12448205492584374,0.15073409971407933,0.17542116674727337,0.19753238957162816
0.4448897795591182,0.06929838136006518,0.09702947445547296,0.12309759570178722,0.1496472117398114,0.17447366029255235,0.19662211190700596
0.4488977955911823,0.06765176746655419,0.09529152147014548,0.1217625351082218,0.1485922581894613,0.1735454878099086,0.19572366223625565
0.45290581162324645,0.06604427697832646,0.09361154906593443,0.12047445445332626,0.14756745124945495,0.17263552585523623,0.19483637892219763
0.4569138276553106,0.06447498394674404,0.09198746804142965,0.11923106186724229,0.1465711114714083,0.17174272009270908,0.19395966576319515
0.4609218436873747,0.06294298076525001,0.0904172639446722,0.11803017565032994,0.1456016575288328,0.17086609655719082,0.19309299799227808
0.46492985971943884,0.06144738102211692,0.08889898346281541,0.1168697186128254,0.14465760355678126,0.17000474809077737,0.1922358146863404
0.468937875751503,0.05998731886505995,0.08743073661818748,0.11574772376372802,0.1437375624140168,0.16915783071323073,0.19138768188919564
0.4729458917835671,0.05856194836392203,0.08601070268180544,0.11466233049278568,0.1428402318243306,0.16832455971752897,0.19054814821460273
0.47695390781563124,0.057170443656793496,0.08463713469653492,0.11361176729708483,0.14196438592496333,0.167504205236914,0.18971680726845602
0.48096192384769537,0.0558120033042074,0.08330834918303837,0.11259435103314178,0.14110887914420484,0.16669608703065028,0.1888932969837677
0.4849699398797595,0.05448584252689175,0.08202270914240344,0.11160847817037078,0.14027263367731024,0.16589957155216026,0.1880772527271916
0.4889779559118236,0.0531911941738193,0.08077862609722172,0.11065262248068655,0.13945463692717117,0.16511406860736444,0.1872683685532991
0.4929859719438877,0.0519273089412393,0.0795745762041581,0.10972532892109768,0.13865394215810414,0.16433902824724153,0.18646631801161023
0.49699398797595185,0.05069345482628139,0.07840911006332937,0.10882522798842653,0.13786966045627408,0.16357393611567703,0.1856708519122869
0.501002004008016,0.049488916580559296,0.07728083465290062,0.10795103211217194,0.1371009590249916,0.16281831192886434,0.18488170479302435
0.5050100200400801,0.04831299829854465,0.07618837631876628,0.10710151494305686,0.13634705710629294,0.1620717084542762,0.18409863579359742
0.5090180360721442,0.0471650223906299,0.07513039973800573,0.10627551352504477,0.13560721574577428,0.16133371255818355,0.18332141214696412
0.5130260521042084,0.046044324914689225,0.07410563588926487,0.1054719118939329,0.13488074170504685,0.16060391712874936,0.18254983583560802
0.5170340681362725,0.04495025742843252,0.07311288044808642,0.10468965025017088,0.13416698272854344,0.15988196815040373,0.1817837179320425
0.5210420841683366,0.043882186523501295,0.07215097332977477,0.10392771806854212,0.13346532433526825,0.15916752366978998,0.18102285870210638
0.5250501002004008,0.04283949335853216,0.07121877255367119,0.10318516437080734,0.13277519331710969,0.15846026552522469,0.18026712939061332
0.5290581162324649,0.04182157377958558,0.07031517672292015,0.10246109277440806,0.13209605127926652,0.1577598953892901,0.17951633409054413
0.533066132264529,0.040827841552926944,0.06943913595116522,0.10175464763110259,0.1314273925306057,0.1570661343437711,0.17877033925328675
0.5370741482965932,0.03985772260014765,0.06858964186528504,0.1010650169546756,0.13076874374001485,0.15637872143497172,0.1780290202586305
0.5410821643286573,0.038910655736516975,0.06776571855291885,0.10039143051718837,0.1301196533222551,0.15569741231792067,0.17729221952391883
0.5450901803607214,0.037986092835097456,0.06696641672914525,0.09973315647063836,0.12947969180865096,0.15502197636709447,0.1765598452513605
0.5490981963927856,0.03708349842730522,0.06619082074314034,0.09908949899856659,0.1288484557717875,0.1543521976712834,0.1758317712123023
0.5531062124248497,0.03620234930347018,0.06543806362927668,0.0984598007390739,0.12822556260213977,0.1536878737444856,0.17510789149418016
0.5571142284569138,0.035342136401612594,0.06470731916443234,0.0978434394583757,0.1276106549013153,0.1530288142898069,0.1743881378018588
0.561122244488978,0.034502364031178546,0.06399777869536169,0.09723982306029667,0.12700340562164558,0.15237484029835183,0.17367236572583306
0.565130260521042,0.03368254650235285,0.06330864481167098,0.09664838866203908,0.12640350575086368,0.15172578823553137,0.17296052756767546
0.5691382765531061,0.03288220946290257,0.06263914778804718,0.09606859907400861,0.1258106693442046,0.15108149613486002,0.17225252716841888
0.5731462925851702,0.03210088955703442,0.0619885790065397,0.09549994228039449,0.12522462768564582,0.15044181409523083,0.17154828290495902
0.5771543086172344,0.03133813408366597,0.06135626540119718,0.09494192906840257,0.12464510611047706,0.14980660816149716,0.17084773955780558
0.5811623246492985,0.030593501089803063,0.06074153464492894,0.09439410444799572,0.12407184993069607,0.1491757472158581,0.17015080865799762
0.5851703406813626,0.029866561738330796,0.060143723156649266,0.09385604200561093,0.12350461470117441,0.14854910887158573,0.16945744115844558
0.5891783567134268,0.029156896073843943,0.059562195357133224,0.09332733644780405,0.1229431646664357,0.14792657735446196,0.1687675677590758
0.5931863727454909,0.028464093574894937,0.058996361522565925,0.09280760306421723,0.12238729440694895,0.1473080422483003,0.16808110894316086
0.597194388777555,0.027787753271747977,0.058445654446773784,0.09229646588030899,0.12183680864633722,0.14669339999908312,0.16739805650948916
0.6012024048096192,0.02712748345416265,0.057909514359956546,0.0917935689331264,0.12129152323708296,0.14608255277415308,0.16671832304112774
0.6052104208416833,0.02648290137917749,0.05738740085150419,0.09129857110349271,0.12075126893571629,0.14547540796227226,0.1660418739638273
0.6092184368737474,0.02585363466311097,0.0568787996863,0.09081115481880536,0.12021587771249731,0.14487187777184174,0.165368657735522
0.6132264529058116,0.025239320692919825,0.0563832241087668,0.09033102036512489,0.11968518852529558,0.14427187976481073,0.1646986281654165
0.6172344689378757,0.024639604174588985,0.05590020563352223,0.08985788072212648,0.1191590531084545,0.14367533737231775,0.16403175379026222
0.6212424849699398,0.024054138108108226,0.05542927667316042,0.08939146357042388,0.11863733121244446,0.14308217740353904,0.1633679774007924
0.625250501002004,0.023482583537844996,0.054969979157601406,0.08893151080778416,0.11811988747234323,0.14249232966589517,0.16270729296860612
0.6292585170340681,0.022924609302593504,0.05452188983089917,0.08847777737290567,0.1176065890665396,0.14190572561722403,0.16204963115356702
0.6332665330661322,0.022379892106541694,0.05408461846363713,0.08803003057408267,0.11709730819629531,0.14132231614409185,0.16139496745578996
0.6372745490981964,0.021848118245077198,0.05365778674305118,0.08758804882057436,0.11659191924211262,0.1407420322330657,0.1607432668415214
0.6412825651302605,0.021328980507389614,0.05324099790882744,0.08715162106494981,0.11609030374083493,0.14016481813894502,0.16009451556809673
0.6452905811623246,0.020822178586623045,0.05283386227710189,0.08672054614020255,0.11559236677320599,0.1395906198648684,0.15944866243477523
0.6492985971943888,0.02032741916303863,0.052436034765389355,0.08629463246606651,0.11509801550847662,0.1390193863552896,0.15880568060261613
0.6533066132264529,0.01984441569022745,0.05204719698352481,0.0858736986755324,0.11460716751591307,0.13845106870708873,0.15816556138142052
0.657314629258517,0.019372888181323426,0.051667034117433355,0.08545757103726653,0.11411974931817062,0.137885620131608,0.15752823727605075
0.6613226452905812,0.018912564234105204,0.051295224227500075,0.08504608352975829,0.11363566685799611,0.13732299718234167,0.15689372149320008
0.6653306613226453,0.0184631785852171,0.05093145722050084,0.08463908056440715,0.11315483324829893,0.13676315890046564,0.15626197551807125
0.6693386773547093,0.018024471328136244,0.0505754502582846,0.08423641467848994,0.11267716372528208,0.13620606582601477,0.1556329684292616
0.6733466933867734,0.017596188623604077,0.050226931305757644,0.08383794539879386,0.11220257090566038,0.13565168052556786,0.15500669799188857
0.6773547094188376,0.017178082516944942,0.049885631025268745,0.08344353882162302,0.1117309863912459,0.13509996753423523,0.15438312008789012
0.6813627254509017,0.01676991075521393,0.04955128298046719,0.08305306590714058,0.11126234777141504,0.13455089323560362,0.15376222384961818
0.6853707414829658,0.01637143684138932,0.04922363272771058,0.08266640387340421,0.11079659251959206,0.13400441810150449,0.15314396973001249
0.68937875751503,0.015982431294357204,0.04890245303694353,0.0822834351849652,0.11033366436234499,0.13346051862264446,0.1525283785397205
0.6933867735470941,0.015602669379968874,0.04858753262058646,0.0819040494479438,0.10987350774662297,0.132919163841372,0.15191539348461608
0.6973947895791582,0.015231931416251092,0.04827864781119193,0.0815281415286781,0.10941606698413642,0.13238032055859805,0.1513050107198114
0.7014028056112224,0.01487000283241133,0.047975569648249006,0.0811556108488932,0.10896129378891055,0.1318439607628462,0.1506972061966641
0.7054108216432865,0.014516674012439636,0.047678083938843,0.08078636083382498,0.10850914406632578,0.1313100568197076,0.15009196135826333
0.7094188376753506,0.014171740138710507,0.04738600652451368,0.08042029755819921,0.10805957349866331,0.13077858372836004,0.14948926898108442
0.7134268537074148,0.013835001946360554,0.04709916324276156,0.08005733091277661,0.10761252818840171,0.130249517168667,0.14888909470420164
0.7174348697394789,0.01350626538614692,0.04681736628926759,0.079697374053778,0.10716795655859812,0.1297228336485316,0.1482914551956473
0.721442885771543,0.013185340329907773,0.04654043117756869,0.0793403496419641,0.10672580328884859,0.12919851074831573,0.14769630064841854
0.7254509018036072,0.012872041087803867,0.04626819136381915,0.07898618525710499,0.10628601235984295,0.1286765271233326,0.1471036260085493
0.7294589178356713,0.012566186274633597,0.04600049969952344,0.07863481284175389,0.10584855598783913,0.1281568621968891,0.14651341387978514
0.7334669338677354,0.012267598676063763,0.04573721345995964,0.07828616576502591,0.10541340507543395,0.12763949440714312,0.14592566849365618
0.7374749498997996,0.011976105289973503,0.045478168140286004,0.0779401737946756,0.10498053680163213,0.12712440344454273,0.1453403531625192
0.7414829659318637,0.01169153824648575,0.04522319473340432,0.07759677100151885,0.10454993787558498,0.12661156966958662,0.14475745663162054
0.7454909819639278,0.011413733145682583,0.044972159021988534,0.07725589262283657,0.10412156984639732,0.1261009754865601,0.14417698437719248
0.749498997995992,0.01114252928469161,0.044724954366082384,0.0769174813838914,0.10369539282830005,0.1255926032822722,0.14359888167420432
0.7535070140280561,0.010877769699541464,0.04448147259928311,0.0765814821437395,0.1032713696193458,0.12508642574502166,0.14302317443934312
0.7575150300601202,0.010619301050746927,0.04424157347733034,0.07624784153939605,0.10284945649180981,0.12458243474884642,0.1424498357149363
0.7615230460921844,0.010366973508894161,0.04400511620280191,0.07591650868072518,0.10242962148734765,0.12408061302497139,0.1418788461815219
0.7655310621242485,0.010120641348402671,0.04377199332514807,0.07558743488083669,0.10201184250216502,0.12358094522546903,0.1413102131919149
0.7695390781563125,0.009880162684692198,0.043542106831698735,0.07526057409189134,0.10159609100704045,0.12308341622641711,0.1407439029969004
0.7735470941883766,0.009645398486226506,0.043315354626566216,0.07493588249785486,0.10118234116110092,0.12258801167217373,0.14017991772298646
0.7775551102204408,0.009416212979385842,0.04309162899244291,0.07461331663111104,0.10077057057103558,0.12209471718392617,0.13961823969309067
0.7815631262525049,0.009192473551599896,0.04287082878416148,0.07429283466001871,0.10036076111278545,0.12160351747801416,0.13905884966508614
0.785571142284569,0.008974050654440837,0.042652868582425396,0.07397439617695589,0.09995290041858088,0.12111439831797785,0.13850173375486646
0.7895791583166332,0.00876081779587581,0.04243766972758736,0.07365796032838648,0.09954698301719703,0.12062734566287958,0.137946892710481
0.7935871743486973,0.008552651973834296,0.042225143952860054,0.07334348734172415,0.09914300426711217,0.12014234556525813,0.137394317639186
0.7975951903807614,0.008349432807380217,0.04201519332960903,0.07303094270365384,0.09874092746330074,0.11965938410171102,0.13684397743866533
0.8016032064128256,0.00815104262366835,0.041807725677281596,0.0727202959157647,0.09834071883067652,0.11917844846512674,0.13629590130281038
0.8056112224448897,0.007957366448935146,0.041602678080867386,0.07241152048953842,0.0979423355969366,0.11869953415623428,0.1357500388718985
0.8096192384769538,0.007768291921351717,0.041399997354567966,0.0721045934205487,0.09754572442742553,0.11822261751935646,0.13520639277800947
0.813627254509018,0.007583709203876784,0.04119960837859553,0.07179947710998623,0.09715088060619462,0.11774768991795653,0.13466496309005108
0.8176352705410821,0.007403511693156222,0.04100142900901421,0.07149613632606196,0.09675780211561158,0.11727474288035064,0.13412571247414945
0.8216432865731462,0.00722759575673412,0.04080538694613808,0.07119454333064391,0.09636648982799018,0.11680376536968881,0.1335886567866654
0.8256513026052104,0.0070558596767573995,0.04061142639093014,0.0708946718121308,0.09597696116383296,0.11633474608906293,0.13305377192637677
0.8296593186372745,0.006888204141497138,0.04041949337221355,0.07059649688545197,0.09558920363067751,0.11586767331067999,0.13252104888712077
0.8336673346693386,0.006724532177807567,0.04022952549869922,0.07029999438303385,0.09520318880289134,0.11540253597538372,0.13199050571511312
0.8376753507014028,0.006564749083561764,0.040041463043930935,0.07000513646817459,0.09481889989684501,0.11493932302884946,0.13146208296873663
0.8416833667334669,0.006408762413327579,0.039855253596903076,0.0697118983480609,0.09443631666858146,0.11447802338439171,0.13093580871901817
0.845691382765531,0.006256482223986654,0.039670851496146076,0.06942025683946113,0.09405541387731434,0.11401862590205072,0.13041165938466218
0.8496993987975952,0.0061078205499703634,0.03948821153327705,0.06913018966637025,0.09367615530130712,0.11356112096675212,0.12988962292755585
0.8537074148296593,0.00596269144555213,0.03930727868456996,0.0688416754600097,0.09329851707421433,0.11310549930423618,0.12936970358925462
0.8577154308617234,0.005821010968877265,0.039127995312476405,0.06855469433469635,0.0929225064814037,0.11265175145390267,0.12885187466459097
0.8617234468937875,0.005682697120171038,0.038950320783827166,0.0682692286906838,0.09254814066491943,0.11219986832114262,0.1283361422371549
0.8657314629258517,0.00554766977994677,0.03877422629557291,0.06798526109295493,0.09217543156874823,0.11174983883274242,0.12782248745533287
0.8697394789579158,0.005415850936871064,0.03859967773974744,0.06770277512426459,0.09180434594184386,0.11130165531276416,0.12731089884758282
0.8737474949899798,0.005287164558874359,0.03842662238359397,0.06742175544035081,0.09143485028851733,0.1108553144774173,0.1268013580548422
0.877755511022044,0.00516153618334403,0.038255005114938435,0.06714218776873986,0.09106690813051213,0.11041080028147322,0.12629387612044418
0.8817635270541081,0.0050388930640582206,0.03808479597763366,0.066864053403772,0.09070052227009383,0.10996810439705998,0.12578844201991313
0.8857715430861722,0.004919164116487446,0.037915973344816015,0.06658733144124386,0.09033568721170351,0.1095272172617131,0.12528502705925182
0.8897795591182364,0.004802279863093013,0.03774850701089026,0.06631200486884875,0.08997240328951801,0.10908812956946048,0.12478366371194058
0.8937875751503005,0.004688172488857197,0.03758235764526711,0.06603805692494776,0.08961066011565524,0.10865083198152564,0.12428430363664618
0.8977955911823646,0.004576776427689286,0.03741748778628745,0.06576547109856978,0.08925045953633395,0.10821531673541049,0.12378695205107247
0.9018036072144288,0.004468027368781311,0.03725387207416443,0.06549423130778652,0.08889180406043826,0.10778157575710451,0.12329160751434974
0.9058116232464929,0.004361862429467618,0.03709148527772798,0.06522432528380764,0.08853467260275981,0.10734960101641744,0.1227982403354259
0.909819639278557,0.004258220205531353,0.03693029680817708,0.06495574070293025,0.08817903521182274,0.10691938477846674,0.12230686419953767
0.9138276553106212,0.004157040728340888,0.03677027291611809,0.06468846493259672,0.08782485311019322,0.10649091964982449,0.12181745650518583
0.9178356713426853,0.0040582654219862456,0.03661138425000683,0.06442248597351967,0.08747213082979927,0.10606419818792934,0.12133001383401393
0.9218436873747494,0.003961837183920228,0.03645361393265832,0.06415779245968191,0.08712087681535054,0.10563921128968547,0.12084455176718538
0.9258517034068136,0.003867700312134553,0.03629694961795219,0.06389437275739204,0.08677111180687945,0.10521594275634041,0.12036101535734878
0.9298597194388777,0.0037758003158730982,0.03614136177640055,0.06363221113668065,0.08642282001187364,0.10479439882659036,0.1198794321893887
0.9338677354709418,0.003686083960984982,0.03598681263363897,0.06337129431743954,0.08607598780838706,0.1043745660000819,0.11939978030392487
0.937875751503006,0.0035984992300694576,0.03583327690307739,0.0631116096574457,0.08573059606067063,0.1039564341372162,0.11892205328791217
0.9418837675350701,0.0035129952826206206,0.03568074838247459,0.06285314465841865,0.08538663556974399,0.10353999539273767,0.1184462499240023
0.9458917835671342,0.00342952250643926,0.035529223792968426,0.06259588696602053,0.08504409013759753,0.10312524294531396,0.11797234923344625
0.9498997995991983,0.0033480330025951587,0.0353786746009439,0.06233982642240214,0.08470293795140724,0.10271216954493008,0.11750035911955474
0.9539078156312625,0.0032684797744563475,0.03522906754431968,0.062084956601536026,0.08436317853797222,0.10230076807695991,0.11703025863919744
0.9579158316633266,0.003190816876311332,0.03508038364837297,0.06183126907255554,0.08402482479381933,0.10189103168898873,0.11656204296293068
0.9619238476953907,0.0031149994589794268,0.03493261272920287,0.0615787559504329,0.08368790466524287,0.10148295382266426,0.11609568806803912
0.9659318637274549,0.003040983739664138,0.03478574321307725,0.06132740997755998,0.08335240445559339,0.10107652738934336,0.11563121273491203
0.969939879759519,0.0029687269718064913,0.0346397537151093,0.061077224493923735,0.0830182894591864,0.10067174420782321,0.1151686033740136
0.9739478957915831,0.0028981873533816876,0.034494624879296894,0.06082818843616544,0.08268550682255728,0.10026859682982173,0.11470783306376593
0.9779559118236472,0.002829324012354409,0.03435034550639269,0.06058028972110483,0.08235404587995002,0.09986707767701176,0.11424893514824103
0.9819639278557113,0.0027620970485380766,0.034206908539650076,0.06033351876843589,0.08202392033746736,0.09946717897804101,0.11379186354922263
0.9859719438877754,0.002696467459867375,0.03406430182254933,0.060087865965262235,0.08169515484838641,0.09906889601145602,0.11333662466730773
0.9899799599198396,0.0026323971107596197,0.033922502737572385,0.059843321666097196,0.08136775145830837,0.09867221877758911,0.11288321428101325
0.9939879759519037,0.002569848700476134,0.03378148677701331,0.05959987639048134,0.08104169650602651,0.09827713696650886,0.1124316102376966
0.9979959919839678,0.002508785835178963,0.03364125019755153,0.05935752317151391,0.08071698126419781,0.09788364915706295,0.11198182303600425
1.002004008016032,0.0024491735858502674,0.03350179763862364,0.05911625453482412,0.08039359759977646,0.09749174809621923,0.11153383025435383
1.006012024048096,0.002390977587607954,0.03336311761371531,0.05887606270760773,0.08007153588848344,0.09710142772833047,0.1110876334852334
1.0100200400801602,0.0023341642222612937,0.033225182695367936,0.058636940148370856,0.07975077417410925,0.09671268195536234,0.11064322860256304
1.0140280561122244,0.0022787006821281897,0.03308796676520398,0.058398879546930106,0.07943129813886136,0.0963255037346499,0.11020061626682134
1.0180360721442885,0.0022245549493234125,0.03295147058828035,0.05816187347905395,0.07911311021672834,0.09593988577076594,0.10975977083809879
1.0220440881763526,0.0021716957750468474,0.03281569957314888,0.057925913407592844,0.07879621812769835,0.09555582115753514,0.10932068644996476
1.0260521042084167,0.0021200926588717324,0.03268064224126699,0.05769099162447673,0.07848062647315063,0.09517330284633434,0.10888337553142168
1.0300601202404809,0.002069715828032901,0.03254628146410254,0.05745710061151556,0.078166321760362,0.09479232360173645,0.1084477904830338
1.034068136272545,0.0020205362167150234,0.03241260450780136,0.057224232937625005,0.07785329486890452,0.09441287603632612,0.10801396326300891
1.0380761523046091,0.0019725254413612467,0.03227960780020474,0.05699238125882648,0.07754153576560832,0.09403495433147586,0.10758187324071225
1.0420841683366733,0.0019256557585002982,0.03214728647758751,0.056761538986102186,0.0772310410319199,0.09365855265570969,0.10715150573009027
1.0460921843687374,0.0018799000804085905,0.032015627263206045,0.05653170044202663,0.07692180155295164,0.0932836642899139,0.10672287560600058
1.0501002004008015,0.0018352319444156736,0.03188461416638978,0.05630285948420791,0.07661380836234659,0.09291027891018012,0.10629595342523457
1.0541082164328657,0.0017916254883883099,0.031754239366372915,0.05607501018053684,0.07630705679601724,0.09253840473225497,0.1058707460854671
1.0581162324649298,0.001749055429826857,0.03162450564338383,0.055848146816862246,0.07600154374308479,0.09216802596453247,0.10544724257826642
1.062124248496994,0.0017074970449616458,0.03149541622569137,0.05562226389699099,0.0756972676481466,0.09179913699511182,0.10502541187925588
1.066132264529058,0.0016669261478493595,0.031366952949187496,0.055397356142687953,0.07539422194209776,0.09143173093574326,0.1046052934896478
1.0701402805611222,0.0016273190694694175,0.03123909107701263,0.055173418493676046,0.07509240205729492,0.09106580145170168,0.10418684514765916
1.0741482965931863,0.0015886526368203524,0.031111827445204833,0.05495044610763619,0.07479180302703098,0.09070134194755687,0.10377007363996747
1.0781563126252505,0.0015509042984976182,0.030985173578121784,0.05472843366077517,0.07449241955981833,0.09033834566743237,0.10335497133351483
1.0821643286573146,0.0015140529067215675,0.03085913544728461,0.05450737322830207,0.07419424463442388,0.08997680592949453,0.10294152360793847
1.0861723446893787,0.0014780773036817923,0.030733694371424133,0.054287258869079355,0.07389726990966235,0.08961671757965291,0.10252973724564766
1.0901803607214429,0.0014429566835961114,0.030608828062112663,0.054068084991627616,0.07360148982750961,0.08925807496461734,0.10211959621118581
1.094188376753507,0.0014086707191208517,0.0304845349430204,0.05384984606359221,0.07330689837374549,0.08890087247663325,0.1017111087320036
1.0981963927855711,0.0013751995456776393,0.030360817493268022,0.05363253661174323,0.07301349024825504,0.08854510475472545,0.10130423704797356
1.1022044088176353,0.0013425237457801848,0.030237672002239816,0.05341615122197553,0.07272126167994386,0.08819076673489257,0.10089900393995789
1.1062124248496994,0.001310624333361074,0.03011508779307929,0.05320068453930864,0.0724302112095794,0.08783784878542256,0.10049538813497841
1.1102204408817635,0.001279482738098555,0.029993056294583667,0.052986131267886864,0.07214033958757592,0.08748634974702635,0.10009339804506749
1.1142284569138277,0.0012490807897433268,0.029871578485562517,0.05277248616104693,0.07185164147830796,0.08713626526438334,0.09969301365661258
1.1182364729458918,0.0012194008072796256,0.02975065778899169,0.05255974385648219,0.07156410976252113,0.08678758509016155,0.09929422731314669
1.122244488977956,0.0011904260912160812,0.02963028748717332,0.05234789910528509,0.07127773392057193,0.08644030359870046,0.09889704984750398
1.12625250501002,0.0011621399882242231,0.029510451175495743,0.05213694676178979,0.07099250181689673,0.08609441424101734,0.0985014392087748
1.130260521042084,0.0011345261471844374,0.0293911350201959,0.05192688173167552,0.07070841077810693,0.0857499111359112,0.09810742391025885
1.134268537074148,0.0011075685917778587,0.02927234521414445,0.05171769897196666,0.07042545465929673,0.08540678943050703,0.09771498577104355
1.1382765531062122,0.001081251707847309,0.029154093183865262,0.05150939349103268,0.0701436286546405,0.08506504371746954,0.09732412553805463
1.1422845691382764,0.0010555602307582225,0.029036371082881027,0.051301960348588166,0.0698629295629171,0.08472466875073556,0.09693480923955175
1.1462925851703405,0.0010304792327595763,0.028919163893488274,0.05109539465569281,0.06958335630650833,0.08438565951432132,0.09654706153641611
1.1503006012024046,0.001005994110344822,0.028802462637860137,0.050889691574751386,0.06930491237679062,0.08404801126744317,0.09616086750231907
1.1543086172344688,0.0009820905716128145,0.0286862689410999,0.05068484688480157,0.06902760573492868,0.08371171849219777,0.09577620377247126
1.158316633266533,0.000958754717182561,0.028570584053008656,0.0504808566739843,0.06875143027560607,0.08337677476234254,0.0953931019271712
1.162324649298597,0.0009359734302670671,0.028455400965792313,0.0502777166466091,0.06847637334562263,0.08304317430436643,0.09501152114386639
1.1663326653306612,0.0009137336084287801,0.028340713187217755,0.05007542259422844,0.0682024184982689,0.08271091224547858,0.09463146853474105
1.1703406813627253,0.0008920223877280547,0.028226518407358382,0.049873970395673886,0.06792954338761528,0.08237998514099638,0.09425293661033757
1.1743486973947894,0.0008708271961230927,0.028112817963385977,0.04967335601705602,0.0676577486942641,0.08205037603172034,0.0938759127727648
1.1783567134268536,0.0008501357433149388,0.02799961194241616,0.049473575511764525,0.06738703189482316,0.08172208820993226,0.09350040336019133
1.1823647294589177,0.000829936010592473,0.027886891458056562,0.04927462502046813,0.06711739307237669,0.08139511575358133,0.09312639348159682
1.1863727454909818,0.0008102162406774074,0.027774644341921405,0.04907650077111462,0.06684883481310598,0.08106945382505859,0.09275389106641521
1.190380761523046,0.0007909649275692791,0.02766287054833562,0.048879198750556914,0.06658135360316497,0.08074509736040857,0.09238286088368267
1.19438877755511,0.0007721708063904465,0.027551577826060828,0.04868271416834907,0.06631495427295914,0.08042204162439333,0.09201332475500043
1.1983967935871742,0.0007538229389298165,0.02744076819683358,0.04848704298878249,0.06604964614265836,0.08010028207114023,0.09164526250839693
1.2024048096192383,0.000735911069106983,0.027330428354323262,0.04829218127839262,0.06578542763707017,0.07977981295295888,0.09127868336496638
1.2064128256513025,0.0007184249004248743,0.027220542180060047,0.04809812514656805,0.06552228234547947,0.07946062847564205,0.0909135673683537
1.2104208416833666,0.0007013543212173939,0.027111112185817868,0.04790487074555031,0.06526018950288422,0.07914272312981606,0.0905499081225945
1.2144288577154307,0.0006846894510984571,0.0270021461147434,0.04771241427043396,0.06499911648849244,0.07882609123757729,0.09018771686433028
1.2184368737474949,0.0006684206331430617,0.026893642803267503,0.04752075195916665,0.06473906466386481,0.07851072690587362,0.08982696385960683
1.222444889779559,0.0006525384260683581,0.026785592010453843,0.04732988009254897,0.06448004365295087,0.07819662412710311,0.08946764737221491
1.2264529058116231,0.0006370335964147203,0.02667798505170025,0.047139794929030206,0.06422206472956403,0.07788377850311234,0.08910977929719015
1.2304609218436873,0.0006218971107268156,0.026570828530661172,0.04695049210972818,0.06396512470012652,0.07757217724668168,0.08875333598698787
1.2344689378757514,0.0006071201277346755,0.026464131884844398,0.04676196760760911,0.06370922265559888,0.077261835649856,0.08839832683908656
1.2384769539078155,0.0005926940619763457,0.026357887950640813,0.04657421755412776,0.06345435893714121,0.07695273609071619,0.08804472121627856
1.2424849699398797,0.0005786108178267268,0.026252076776486846,0.0463872380949281,0.06320052461296552,0.07664487555921579,0.08769253900273058
1.2464929859719438,0.0005648622911165306,0.026146685269466417,0.04620102538984337,0.0629477021705073,0.07633824924204732,0.08734176815595684
1.250501002004008,0.000551440531415949,0.026041727074262812,0.04601557561289601,0.06269586965768166,0.07603285156031453,0.08699240118558955
1.254509018036072,0.0005383377695788439,0.025937222659828497,0.04583088495229773,0.06244503257709129,0.07572867723723539,0.08664442552634447
1.2585170340681362,0.0005255464115307841,0.02583316244793747,0.04564694961044946,0.06219520234588826,0.0754257210537197,0.08629784134940954
1.2625250501002003,0.0005130590320570844,0.02572952717582184,0.045463765807193926,0.06194639391724283,0.07512397762105168,0.08595264898886039
1.2665330661322645,0.0005008683685908431,0.025626308808130917,0.04528133031812559,0.06169859379458252,0.07482344134486996,0.08560882501078522
1.2705410821643286,0.00048896731500098,0.025523513463604253,0.04509963998995509,0.06145178996136614,0.07452410681180353,0.08526639906787352
1.2745490981963927,0.0004773489153802747,0.02542114645084141,0.044918691397766684,0.06120596920481186,0.07422597012069647,0.08492533039698015
1.2785571142284569,0.0004660064213269622,0.025319199971144492,0.044738481159847035,0.06096112993356095,0.07392902676105921,0.08458562497123673
1.282565130260521,0.00045493347572293606,0.02521766739369872,0.04455900593768523,0.06071726350403998,0.07363327231581387,0.08424728957033181
1.2865731462925851,0.0004441237041488967,0.025116549189912872,0.0443802624359728,0.06047436445290161,0.07333870100561346,0.08391029028306227
1.2905811623246493,0.0004335708544975155,0.02501585105254557,0.044202247402603714,0.06023243393073159,0.07304530804989671,0.08357464817211402
1.2945891783567134,0.000423268817013207,0.024915575523123727,0.04402495762867436,0.05999148032755673,0.07275309695758599,0.08324034702610097
1.2985971943887775,0.0004132116194001539,0.024815711263546224,0.04384838994848353,0.05975150367991403,0.07246205530988194,0.0829073981114107
1.3026052104208417,0.00040339342193033203,0.024716242111602844,0.043672541231903235,0.05951249381550981,0.07217217914992383,0.08257575629037336
1.3066132264529058,0.0003938085125515359,0.024617170851332332,0.043497408378994296,0.0592744366317572,0.07188346322178875,0.08224545404777475
1.31062124248497,0.0003844513019954033,0.024518510151988707,0.04332298834481957,0.059037326605135915,0.0715959024783917,0.08191647228377699
1.314629258517034,0.0003753163188854409,0.024420264354344676,0.0431492781273628,0.05880116149710077,0.07130949157994076,0.08158880297662138
1.3186372745490982,0.0003663982601131181,0.024322421956457008,0.04297627476702271,0.058565938634922494,0.0710242258023718,0.08126245436287066
1.3226452905811623,0.00035769213163268127,0.02422496981775589,0.04280397534661302,0.058331654215890566,0.07074010135224601,0.08093740417511883
1.3266533066132264,0.00034919292023911653,0.024127910714831835,0.04263237699136237,0.05809830706440555,0.07045711388086497,0.08061366199397269
1.3306613226452906,0.00034089571074511486,0.024031248171227117,0.04246147686891445,0.057865898872909265,0.07017525922190591,0.08029121339733895
1.3346693386773545,0.0003327957001260002,0.023934980150898795,0.042291272189327885,0.05763442566429547,0.06989453344048009,0.07997003489598876
1.3386773547094186,0.0003248881936926584,0.02383910153273683,0.042121760036320004,0.057403881884988996,0.0696149328788368,0.07965016229174031
1.3426853707414828,0.00031716860126446996,0.023743609030913344,0.04195293645966612,0.05717425999148451,0.06933645285229491,0.07933155889078489
1.3466933867735469,0.0003096324333422393,0.02364850507421855,0.041784798140248894,0.05694555642864747,0.0690590882347789,0.07901423278538375
1.350701402805611,0.00030227529728112535,0.023553793108710024,0.041617341924775696,0.056717765535659374,0.06878284113623737,0.07869817247945818
1.3547094188376752,0.0002950928934635719,0.023459468872290043,0.041450564655143185,0.05649088203496086,0.06850768913065576,0.07838337404137842
1.3587174348697393,0.0002880810603943006,0.023365522444968534,0.0412844631684373,0.056264904479077144,0.0682336390257144,0.0780698401998236
1.3627254509018034,0.0002812358839694833,0.023271948617669732,0.04111903429693326,0.05603983447902097,0.06796068437110035,0.07775755017688589
1.3667334669338675,0.0002745534294342906,0.02317875443569416,0.04095427486809555,0.05581567228384947,0.06768882144098527,0.07744651549424615
1.3707414829659317,0.0002680298411877636,0.02308594955474215,0.04079018170457794,0.05559240722348446,0.0674180462349638,0.07713672234983583
1.3747494989979958,0.0002616613529471095,0.022993525389195052,0.0406267516242235,0.05537002569316456,0.06714835461944817,0.07682818743683328
1.37875751503006,0.00025544428479655403,0.02290146693805427,0.04046398144006457,0.05514851992035024,0.06687974262140363,0.07652087539786502
1.382765531062124,0.0002493750402361935,0.022809770000988158,0.04030186796032272,0.05492789772347268,0.06661220649578405,0.07621478996790898
1.3867735470941882,0.00024345010323084654,0.022718442007562244,0.04014040798840886,0.05470817202745947,0.06634574266632473,0.07590994370690389
1.3907815631262523,0.00023766603525890662,0.022627490789439313,0.03997959832292318,0.05448934447179242,0.06608034620616553,0.07560629373806023
1.3947895791583165,0.00023201947236119378,0.022536909620593168,0.03981943582955044,0.05427140141238917,0.06581601233134256,0.07530387008180393
1.3987975951903806,0.0002265071394932214,0.022446691376568108,0.03965992124299595,0.054054323703704665,0.06555273645750068,0.07500265457820342
1.4028056112224447,0.00022112588245117766,0.022356835779257723,0.039501054590069376,0.05383810479771021,0.06529051381668213,0.07470264369482024
1.4068136272545089,0.00021587257866913554,0.022267344634550552,0.039342834096600096,0.05362274516724503,0.06502933940911658,0.07440383929099098
1.410821643286573,0.00021074416933602249,0.022178217203048363,0.03918525721286814,0.053408246353209274,0.06476919828203023,0.07410622403354877
1.4148296593186371,0.0002057376605362243,0.022089447261003495,0.03902831706097053,0.05319460329299516,0.06451010971558582,0.07380980806950921
1.4188376753507013,0.00020085012058701745,0.02200102801741473,0.03887200819678518,0.0529818117696723,0.06425205661204961,0.0735145744117091
1.4228456913827654,0.00019607867737600094,0.021912961740260903,0.038716325216527195,0.05276987002034844,0.06399503614125508,0.07322052090482077
1.4268537074148295,0.00019142051569852827,0.021825255946171865,0.03856126628082249,0.05255877796134263,0.06373904422897875,0.07292762778748604
1.4308617234468937,0.00018687287459513938,0.021737910600702945,0.03840683338884116,0.05234853641001701,0.0634840774411231,0.0726359151316299
1.4348697394789578,0.00018243304468899276,0.021650914383192457,0.03825302734991578,0.052139145706315684,0.06323013219250734,0.072345372821841
1.438877755511022,0.0001780984417779273,0.021564254968875565,0.03809984921560367,0.05193059902982214,0.06297720362852784,0.07205597804100855
1.442885771543086,0.00017386673717831904,0.021477939850733114,0.037947291819329036,0.051722884737356034,0.06272528740052091,0.07176776468962366
1.4468937875751502,0.0001697355044121878,0.02139198191706298,0.03779534861690896,0.05151598944264898,0.062474379138793626,0.07148069188209791
1.4509018036072143,0.0001657023640624614,0.021306379588643648,0.037644013366346214,0.051309915650346496,0.06222447429704795,0.07119476811173453
1.4549098196392785,0.0001617649959448533,0.02122112134321623,0.03749328184807366,0.051104668579752655,0.06197556810862874,0.07090999201669024
1.4589178356713426,0.00015792113763258002,0.02113619757529594,0.037343155324579505,0.05090025258456812,0.06172765612216222,0.07062634498519023
1.4629258517034067,0.00015416858298107874,0.02105161253672818,0.03719363273706233,0.05069665317460715,0.0614807353414802,0.07034383942982406
1.4669338677354709,0.00015050518065272466,0.020967370576013812,0.03704471346845048,0.05049385451609595,0.06123480169841533,0.07006245676266777
1.470941883767535,0.0001469288326415484,0.020883467812829994,0.03689639432853996,0.05029184808808267,0.06098984625375425,0.06978220069750249
1.4749498997995991,0.00014343749279795365,0.02079989936884409,0.03674867187861642,0.05009064729205401,0.060745880407373234,0.0695030699061645
1.4789579158316633,0.00014002915232580988,0.020716663912530082,0.03660154330452974,0.04989027208582489,0.06050289048747261,0.06922506703602953
1.4829659318637274,0.00013670181883374658,0.020633765114936586,0.036455006068453505,0.049690727065122536,0.06026087400537894,0.06894817073403943
1.4869739478957915,0.00013345357008302157,0.020551206594794293,0.036309059161060614,0.04949199315186781,0.06001982604712512,0.06867237764338292
1.4909819639278556,0.0001302825285076954,0.02046898189762917,0.036163701179314445,0.049294041954542366,0.05977974264876676,0.06839770161535069
1.4949899799599198,0.00012718685766691446,0.02038707983793699,0.036018930854550074,0.04909686532785397,0.05954061961919096,0.06812410056850683
1.498997995991984,0.0001241647605798588,0.020305499714749025,0.035874745091648605,0.048900469404047714,0.05930245262306662,0.06785160650875345
1.503006012024048,0.00012121447806068973,0.020224251192305014,0.03573113995952211,0.04870486412279599,0.05906523711142005,0.06758020244535208
1.5070140280561122,0.00011833428705349776,0.020143342343188028,0.03558811242958839,0.04851004524911705,0.05882896932602592,0.06730987677507949
1.5110220440881763,0.00011552249896725014,0.02006276113731892,0.03544565947326525,0.04831600742687593,0.058593646231879355,0.0670406457258929
1.5150300601202404,0.00011277745801073865,0.01998249107476719,0.03530377806197049,0.04812274736401033,0.05835926429743134,0.06677248393569177
1.5190380761523046,0.00011009758091139437,0.01990253367381526,0.03516246531079871,0.04793026352784961,0.05812582018459275,0.06650539698639091
1.5230460921843687,0.00010748140759259348,0.01982289878206795,0.035021719875522356,0.047738552042789054,0.057893310792956544,0.06623936342229533
1.5270541082164328,0.00010492743796534367,0.019743591219202078,0.03488153974195792,0.04754760664122317,0.057661733291535545,0.06597441690859121
1.531062124248497,0.00010243420273788663,0.019664603813049377,0.034741922553175715,0.0473574236519822,0.05743109277978944,0.06571051853430798
1.535070140280561,0.00010000026709593748,0.019585929348380077,0.03460286595224606,0.047167998247738464,0.05720136347830672,0.06544767779120372
1.539078156312625,9.762422960273464e-05,0.019507570018630658,0.03446436758223926,0.04697932581461228,0.05697255452815562,0.0651858863619223
1.5430861723446891,9.530472109908895e-05,0.019429528048191667,0.034326425232513044,0.04679140377279958,0.0567446606591398,0.06492513768074903
1.5470941883767533,9.304040360343438e-05,0.019351801087959447,0.034189037109482706,0.046604231788204775,0.05651767805294237,0.06466543770047142
1.5511022044088174,9.08299692118771e-05,0.01927438232472044,0.034052201097068774,0.046417810499995715,0.05629160230107361,0.06440676661025388
1.5551102204408815,8.86721389982455e-05,0.019197266062585018,0.03391591504835159,0.04623213732346919,0.05606643022133324,0.06414914930079009
1.5591182364729457,8.656565883969395e-05,0.019120457291248692,0.033780176816411524,0.04604721073962677,0.05584215862510088,0.06389255182505289
1.5631262525050098,8.450929508179641e-05,0.019043965232684402,0.03364498425432892,0.045863027604238646,0.055618784149478726,0.06363697931038943
1.567134268537074,8.250184447555612e-05,0.018967786787095514,0.03351033502911307,0.0456795817098552,0.05539630361812983,0.06338242614299014
1.571142284569138,8.054212797085606e-05,0.018891910452704677,0.03337622670109821,0.045496862908928806,0.05517471408177275,0.06312890395461396
1.5751503006012022,7.862898929674623e-05,0.018816328251809705,0.03324265699776409,0.04531486578751124,0.05495401270188493,0.0628763905304454
1.5791583166332663,7.676129382206528e-05,0.01874104588042561,0.033109623646787656,0.04513359331768378,0.054734195178588026,0.06262488357818473
1.5831663326653305,7.493792741606208e-05,0.01866607060632787,0.03297712437584584,0.044953052631715486,0.05451525752793411,0.06237439622020779
1.5871743486973946,7.315779530901736e-05,0.01859139736640679,0.03284515691261559,0.04477324349797725,0.05429719588632675,0.06212488833114755
1.5911823647294587,7.141982095286537e-05,0.018517018737265897,0.03271371898477383,0.04459415963115046,0.05407999681532586,0.061876390582282295
1.5951903807615229,6.972294488181538e-05,0.018442933794090694,0.032582808319997505,0.04441579300016444,0.05386367554396291,0.06162888685220327
1.599198396793587,6.806618169815355e-05,0.01836914960328046,0.032452422645963555,0.04423813870478787,0.05364821841893,0.06138236044802962
1.6032064128256511,6.644866864059509e-05,0.01829567244457589,0.032322559709908216,0.044061190422730885,0.05343362258910115,0.061136842649057346
1.6072144288577153,6.4869472864415e-05,0.018222491977301483,0.032193217672126434,0.043884939611044636,0.05321988473152417,0.06089228848937496
1.6112224448897794,6.33276816736301e-05,0.018149591543957115,0.03206439452595617,0.04370938731188628,0.05300700172643949,0.06064872186251467
1.6152304609218435,6.182240620300644e-05,0.01807697156659064,0.03193608811649848,0.04353454161600833,0.05279497060521167,0.060406131059034494
1.6192384769539077,6.0352780979990734e-05,0.018004646149691703,0.03180829628885443,0.04336041569864444,0.052583788601383026,0.060164496659925175
1.6232464929859718,5.891796348664163e-05,0.017932626171767697,0.03168101688812511,0.043186998705369975,0.0523734527754568,0.05992384951133414
1.627254509018036,5.7517133721561126e-05,0.01786089981568594,0.03155424775941155,0.04301427323950693,0.05216395892398978,0.05968415399609918
1.6312625250501,5.614949376182592e-05,0.01778945205897135,0.031427986747814836,0.042842216854860615,0.051955303424696904,0.059445417933096246
1.6352705410821642,5.481426732491875e-05,0.017718284886487717,0.031302231698436024,0.04267083520760811,0.051747482584255114,0.059207624529629646
1.6392785571142283,5.351069933065979e-05,0.01764740364863516,0.03117698045637619,0.042500134545799796,0.05154049252173434,0.0589708058790577
1.6432865731462925,5.2238055463137965e-05,0.01757680898294521,0.031052230967360386,0.04233012406321997,0.0513343291231349,0.05873492137335806
1.6472945891783566,5.099562173264233e-05,0.017506495473450914,0.030927981621436746,0.042160797729220136,0.05112898875456165,0.05849997958301369
1.6513026052104207,4.978270403759344e-05,0.017436459289506226,0.030804230456088405,0.04199215557770885,0.050924474909342675,0.0582659874394543
1.6553106212424848,4.85986277264747e-05,0.017366703801542586,0.030680975447220718,0.04182419549263179,0.05072077472153315,0.05803291496731948
1.659318637274549,4.7442737159763736e-05,0.017297234393943667,0.03055821457073906,0.041656911322709315,0.05051788736821948,0.057800783563887966
1.6633266533066131,4.631439527186372e-05,0.01722804884945587,0.030435945802548794,0.04149028954913088,0.05031581248097361,0.057569576630341866
1.6673346693386772,4.521298313303476e-05,0.017159137041582437,0.030314167118555294,0.04132432201230015,0.05011454710625866,0.05733930408440376
1.6713426853707414,4.413789951132527e-05,0.017090489980308533,0.030192876494663918,0.04115901196699934,0.04991408812667335,0.057109949657692595
1.6753507014028055,4.3088505832065665e-05,0.017022114629596987,0.030072071906780046,0.04099436643477074,0.049714431584135646,0.056881509047825816
1.6793587174348696,4.206413477663059e-05,0.016954022162359403,0.029951751330809025,0.04083038590988831,0.049515574053947686,0.05665398367156669
1.6833667334669338,4.106420129639164e-05,0.01688620918339325,0.029831912742656244,0.04066706567950884,0.04931751196810261,0.056427366350102474
1.687374749498998,4.00881335962417e-05,0.016818666186400714,0.029712554118227055,0.040504401929222514,0.049120241589252815,0.05620166379243946
1.691382765531062,3.913537182713865e-05,0.016751387679321626,0.029593673433426827,0.04034239180020872,0.04892375897057885,0.05597685731318669
1.6953907815631262,3.8205367502917886e-05,0.016684376898932214,0.029475268664160927,0.04018103038704397,0.04872806116398856,0.05575295890106506
1.6993987975951903,3.7297582917104816e-05,0.016617636756985816,0.029357337786334734,0.040020309470810755,0.0485331457070856,0.055529938151592045
1.7034068136272544,3.641149055972729e-05,0.016551163752462034,0.0292398787758536,0.03986022628400647,0.04833900972813539,0.05530781914817154
1.7074148296593186,3.5546572534128134e-05,0.016484954560241148,0.02912288988797506,0.03970078032700758,0.048145650557111085,0.05508659046778747
1.7114228456913827,3.4702319973777625e-05,0.016419008895456583,0.02900636999044398,0.0395419734626931,0.04795307533262534,0.05486623200576775
1.7154308617234468,3.387823245908598e-05,0.01635332937655018,0.028890317252644043,0.039383803128832974,0.04776126115453916,0.054646771245574766
1.719438877755511,3.307381743421581e-05,0.01628791784491415,0.028774729792283044,0.03922626834904844,0.047570215453086394,0.05442818318413273
1.723446893787575,3.228858962389464e-05,0.016222769067040843,0.028659605727068792,0.039069367972586325,0.047379934321337344,0.054210468616426
1.7274549098196392,3.152207045022737e-05,0.01615787505500963,0.028544943174709084,0.038913097245027395,0.047190414700573266,0.053993629196751325
1.7314629258517034,3.0773787449508795e-05,0.016093236796597757,0.02843074025291174,0.03875744804782638,0.047001653117255765,0.05377764551408508
1.7354709418837675,3.0043273689036044e-05,0.016028861535447792,0.028316995079384552,0.038602412558943436,0.046813645982805165,0.05356254597826354
1.7394789579158316,2.9330067183921094e-05,0.015964752751699125,0.028203705771835334,0.03844799590059631,0.046626389612098126,0.053348295302176
1.7434869739478958,2.863371031390325e-05,0.015900901508841003,0.028090870447971886,0.03829420678058457,0.04643988155781362,0.05313490043332075
1.7474949899799597,2.795374924717584e-05,0.015837296419749004,0.027978487225502023,0.038141050322877436,0.04625411921668911,0.05292235382652449
1.7515030060120238,2.728989304888519e-05,0.015773940230226328,0.027866554222133536,0.037988511403964885,0.04606909987126576,0.05271067384695294
1.755511022044088,2.6641891582262417e-05,0.015710840053714537,0.027755069555574233,0.03783656990857577,0.04588482099581705,0.05249983222741636
1.759519038076152,2.600936645369868e-05,0.015647996632444136,0.027644031343531918,0.03768521425645604,0.045701280297800725,0.052289831175774425
1.7635270541082162,2.539194655602585e-05,0.015585403151387452,0.027533437703714414,0.037534453199690065,0.045518475517153136,0.052080684151338125
1.7675350701402803,2.4789267693010333e-05,0.015523053652097015,0.027423286753829497,0.03738430016799626,0.045336402858200994,0.05187235142376792
1.7715430861723445,2.4200972203846882e-05,0.015460954086344686,0.027313576915477936,0.03723475840937125,0.045155052303585214,0.0516648636907257
1.7755511022044086,2.362670858765242e-05,0.015399112883214407,0.027204306917828422,0.037085820977605176,0.04497443284674411,0.05145820521026126
1.7795591182364727,2.3066131127959852e-05,0.015337527013221736,0.027095474995316855,0.03693748110776261,0.044794536979116756,0.051252370078701606
1.7835671342685369,2.251889951721187e-05,0.015276184155518313,0.026987079371332635,0.03678973593618841,0.044615359614267186,0.0510473674143363
1.787575150300601,2.1984678481254793e-05,0.015215074678376225,0.026879118269265163,0.036642581347937686,0.044436897631146784,0.05084317840257884
1.7915831663326651,2.1463137403832366e-05,0.015154205504121016,0.026771589912503845,0.036496009050895,0.04425914882282276,0.05063980886020095
1.7955911823647293,2.095394995107959e-05,0.015093586987935538,0.026664492524438067,0.03635001698795434,0.04408211061791088,0.05043724003681112
1.7995991983967934,2.0456793696016525e-05,0.015033215569503638,0.026557824328457248,0.036204607044457104,0.04390578047151317,0.050235500816435755
1.8036072144288575,1.997134974304211e-05,0.014973084635296374,0.026451583547950776,0.03605978454196143,0.04373015602281727,0.05003455862841335
1.8076152304609217,1.949730235242799e-05,0.014913191725889431,0.02634576840630805,0.0359155430674084,0.04355523512343356,0.04983442330729162
1.8116232464929858,1.903433856481232e-05,0.014853539684219784,0.02624037712691847,0.035771874324658545,0.04338101531941007,0.049635082146221886
1.81563126252505,1.858214782569358e-05,0.014794130007592195,0.026135407933171456,0.035628768999110036,0.04320749295694118,0.0494365383439134
1.819639278557114,1.814042160992441e-05,0.014734957676988113,0.02603085904845638,0.0354862330417263,0.043034665005966935,0.04923879316303438
1.8236472945891782,1.7708855450150282e-05,0.014676015895706716,0.025926728696162665,0.035344275569234626,0.04286252832299561,0.04904182786850099
1.8276553106212423,1.7287357809723317e-05,0.014617304781357459,0.025823015099679696,0.035202905976922175,0.04269107956602153,0.048845658006045276
1.8316633266533064,1.6875810937608846e-05,0.014558831487648697,0.025719716482396883,0.03506211240976885,0.04252031786951094,0.048650268086454035
1.8356713426853706,1.647398358137552e-05,0.01450060199468804,0.025616831395547462,0.034921878770898536,0.042350237999093876,0.04845567970993966
1.8396793587174347,1.608165057155206e-05,0.01444260808027012,0.025514358472333618,0.034782190006389935,0.0421808340229059,0.04826185746087226
1.8436873747494988,1.569859264090357e-05,0.014384837813014098,0.025412296019108098,0.0346430528277177,0.04201210813819374,0.048068808315845875
1.847695390781563,1.5324596243707853e-05,0.014327292434304167,0.02531064234208283,0.0345044746828318,0.041844057236191085,0.04787654520203758
1.851703406813627,1.4959453375031745e-05,0.014269978595381268,0.025209395747469755,0.034366459570802636,0.04167667925035963,0.04768502986482405
1.8557114228456912,1.46029613900074e-05,0.014212899228038933,0.025108554541480796,0.03422899971814286,0.04150997205312132,0.04749429123322024
1.8597194388777554,1.4254922823108662e-05,0.014156049534117207,0.025008117030327896,0.0340920897056654,0.041343932858088205,0.04730431343454539
1.8637274549098195,1.3915145207427344e-05,0.014099425012211706,0.024908081520222967,0.03395572599667353,0.0411785583498027,0.047115097876046175
1.8677354709418836,1.3583440893949542e-05,0.01404302696531515,0.024808446317377962,0.03381990644474595,0.041013845639194885,0.04692664284664066
1.8717434869739478,1.3259626870832002e-05,0.013986856514778224,0.024709209728004805,0.03368462611411373,0.040849791691250484,0.0467389363389199
1.875751503006012,1.2943524582678387e-05,0.013930912015856457,0.02461037005831542,0.03354988329970851,0.04068639328732121,0.046551990170262965
1.879759519038076,1.2634959749815621e-05,0.013875189237217346,0.02451192561452175,0.03341567955393954,0.040523647007126115,0.04636578679772308
1.8837675350701402,1.2333762187570213e-05,0.013819684704424195,0.024413874702835715,0.033282019194045415,0.040361550613876036,0.04618032979080003
1.8877755511022043,1.2039765625544562e-05,0.013764401325385058,0.024316215629469257,0.03314889870765936,0.04020010212429823,0.04599559725636912
1.8917835671342684,1.1752807526893288e-05,0.01370934446826889,0.0242189467006343,0.03301631100327947,0.040039298687377545,0.04581161382573771
1.8957915831663326,1.1472728907599543e-05,0.0136545113305035,0.024122066229393894,0.03288424632922814,0.03987913397940778,0.04562836913548658
1.8997995991983967,1.1199373909535594e-05,0.013599893523978016,0.02402557310957305,0.032752704797348944,0.03971961851189073,0.045445843230918485
1.9038076152304608,1.0932583567626493e-05,0.013545486709221745,0.023929466107070654,0.032621688249150696,0.03956074124801798,0.045264069884298375
1.907815631262525,1.0672204180995442e-05,0.013491298691696848,0.023833743644574423,0.032491200431431284,0.039402500311245696,0.045083012217355445
1.911823647294589,1.0418087187819192e-05,0.013437339585210683,0.023738404144772064,0.03236123755129494,0.03924489249944843,0.044902680014624476
1.9158316633266532,1.0170086515121294e-05,0.013383602218607222,0.023643446030351303,0.03223179664913804,0.03908791515641872,0.04472307058204263
1.9198396793587174,9.928058392801586e-06,0.01333007234188025,0.023548867723999847,0.03210287390260241,0.03893156538208739,0.0445441722974409
1.9238476953907815,9.691861167665645e-06,0.013276745652280608,0.023454667648405415,0.03197446666612727,0.03877584012127122,0.04436599568427457
1.9278557114228456,9.461355117454267e-06,0.013223630432917528,0.02336084422625572,0.031846569832659835,0.03862073626376319,0.0441885238618619
1.9318637274549098,9.236402264872934e-06,0.013170736035824521,0.02326739588023848,0.0317191793088665,0.038466252010948984,0.04401176435405031
1.9358717434869739,9.016866191621296e-06,0.013118056486142761,0.023174321033041408,0.03159229711209743,0.0383123852553396,0.043835713831092214
1.939879759519038,8.802611852422633e-06,0.013065585188986423,0.02308161810735222,0.03146592819638063,0.03815913383301886,0.043660381332460876
1.9438877755511021,8.593505389053317e-06,0.013013322354200012,0.02298928552585863,0.031340073016337046,0.03800649577446191,0.043485742650042
1.9478957915831663,8.389413944372309e-06,0.012961270692512102,0.022897321711248357,0.031214719465021967,0.03785446934821909,0.043311798926523114
1.9519038076152302,8.190205476350616e-06,0.012909430489914612,0.022805725086209122,0.031089850646790963,0.037703052763800815,0.04313856479003957
1.9559118236472943,7.995748572100737e-06,0.01285779610171595,0.02271449407342862,0.03096546253055385,0.037552250969977614,0.042966000776658776
1.9599198396793585,7.805912261906183e-06,0.012806361134396219,0.02262362714570646,0.030841569659440172,0.03740204161872501,0.04279413890524457
1.9639278557114226,7.620565833250919e-06,0.01275512839799454,0.022533123773975497,0.03071819560553083,0.03725243427433012,0.042622964015313146
1.9679358717434867,7.439578644848833e-06,0.012704106382231087,0.022442982935083216,0.030595341008239775,0.03710342488991628,0.04245246897781253
1.9719438877755509,7.262819940673226e-06,0.012653297132378557,0.02235320323148323,0.03047298833346858,0.036955010857844396,0.04228266656111381
1.975951903807615,7.090168483667639e-06,0.012602691574111795,0.022263783265629136,0.030351110371278748,0.036807189343110884,0.04211353656343415
1.9799599198396791,6.921620291715363e-06,0.012552278716385042,0.022174721639974547,0.030229705154256763,0.03665995869611423,0.041945089287410704
1.9839679358717432,6.757108552701458e-06,0.01250206298554744,0.02208601695697306,0.03010877787307134,0.03651331675331173,0.04177731551987025
1.9879759519038074,6.596536083017159e-06,0.012452051677382841,0.021997667819078283,0.029988337530491925,0.03636726145367638,0.04161020786798993
1.9919839679358715,6.439807543186571e-06,0.012402244619186495,0.021909672828743825,0.029868380427162285,0.0362217909226728,0.04144375924403474
1.9959919839679356,6.286829346060655e-06,0.01235263725232418,0.02182203058842329,0.02974890671718324,0.0360769035124781,0.04127798040595553
2.0,6.137509565011198e-06,0.012303226147048797,0.02173473970057027,0.029629918360200222,0.03593259711546831,0.04111286914591957
